"Main_SV_ID","Valid_Col_Name","SV_Type","Target_Ethnicity","Discovery_Beta","Validation_Beta","Validation_SE","Validation_P","N_validation","Species","Mean_Coverage","Mean_Abundance","Validation_Model","Same_Direction"
"Anaerobutyricum_hallii:622_623","Anaerobutyricum_hallii:622_623","dSV","Bai",2.59626313405797,1.54798921353975,0.899232869778165,0.0851682320159915,86,"Anaerobutyricum_hallii",28.3418471780233,0.578508255813953,"glm_binomial",TRUE
"Dorea_formicigenerans:360_361","Dorea_formicigenerans:360_361","dSV","Hani",3.0841771466031,-0.935941993135543,1.004735265984,0.351578984374982,84,"Dorea_formicigenerans",21.0037142190476,0.433385357142857,"glm_binomial",FALSE
"Dorea_formicigenerans:360_361","Dorea_formicigenerans:360_361","dSV","Dai",-2.58729006710013,1.69976224557046,1.28207476475756,0.184909177571766,84,"Dorea_formicigenerans",21.0037142190476,0.433385357142857,"glm_binomial",FALSE
"Blautia_wexlerae:7_8","Blautia_wexlerae:7_8","dSV","Bai",1.66399826195843,-0.586461357150701,0.530950217585125,0.269354386411287,146,"Blautia_wexlerae",54.4482141210959,1.73924397260274,"glm_binomial",FALSE
"Blautia_wexlerae:97_98","Blautia_wexlerae:97_98","dSV","Miao",-1.20539658349503,-1.71099334008982,0.807698191669527,0.0341448214028602,146,"Blautia_wexlerae",54.4482141210959,1.73924397260274,"glm_binomial",TRUE
"Blautia_wexlerae:3510_3511","Blautia_wexlerae:3510_3511","dSV","Miao",-2.50633671439031,-1.04815855492877,0.699676370547816,0.134117153231579,146,"Blautia_wexlerae",54.4482141210959,1.73924397260274,"glm_binomial",TRUE
"Blautia_wexlerae:2935_2936","Blautia_wexlerae:2935_2936","dSV","Bai",1.94430356798729,-0.171583271006889,0.551074918724275,0.755526152993262,146,"Blautia_wexlerae",54.4482141210959,1.73924397260274,"glm_binomial",FALSE
"Ruminococcus_lactaris:1750_1751","Ruminococcus_lactaris:1750_1751","dSV","Miao",2.2850512775557,8.21864982983809,3444.89868774897,0.998096452701925,31,"Ruminococcus_lactaris",38.4454968196774,0.823952258064516,"glm_binomial",TRUE
"Roseburia_inulinivorans:2363_2364;2365_2366","Roseburia_inulinivorans:2363_2364;2365_2366","dSV","Miao",2.88513385136572,-1.60255302967817,1.03554017126473,0.121730017273024,99,"Roseburia_inulinivorans",50.198419449798,1.2407895959596,"glm_binomial",FALSE
"Dorea_formicigenerans:2917_2918","Dorea_formicigenerans:2917_2918","dSV","Miao",-1.42772333854553,0.162073616557714,1.36837472489039,0.905717114460345,84,"Dorea_formicigenerans",21.0037142190476,0.433385357142857,"glm_binomial",FALSE
"Blautia_wexlerae:2085_2086","Blautia_wexlerae:2085_2086","dSV","Miao",-2.8345007580598,-2.7920391134169,1.1253147005839,0.013097082719144,146,"Blautia_wexlerae",54.4482141210959,1.73924397260274,"glm_binomial",TRUE
"Blautia_wexlerae:2085_2086","Blautia_wexlerae:2085_2086","dSV","Bai",2.69084872612711,0.269438629594666,0.531590890131508,0.612257711799042,146,"Blautia_wexlerae",54.4482141210959,1.73924397260274,"glm_binomial",TRUE
"Blautia_wexlerae:3228_3229","Blautia_wexlerae:3228_3229","dSV","Miao",1.12929055003756,1.18919901671183,0.90304078089364,0.187877859020731,146,"Blautia_wexlerae",54.4482141210959,1.73924397260274,"glm_binomial",TRUE
"Blautia_wexlerae:3218_3219","Blautia_wexlerae:3218_3219","dSV","Bai",1.3217099361958,-0.108638033404335,0.545516849106789,0.842147771905411,146,"Blautia_wexlerae",54.4482141210959,1.73924397260274,"glm_binomial",FALSE
"Roseburia_inulinivorans:1170_1171","Roseburia_inulinivorans:1170_1171","dSV","Miao",1.38172458355272,0.0971848485738291,0.838669339237975,0.907747792549699,99,"Roseburia_inulinivorans",50.198419449798,1.2407895959596,"glm_binomial",TRUE
"Roseburia_inulinivorans:2409_2410","Roseburia_inulinivorans:2409_2410","dSV","Miao",1.27897625306172,-1.08669215299704,0.932847399289487,0.244051567673171,99,"Roseburia_inulinivorans",50.198419449798,1.2407895959596,"glm_binomial",FALSE
"Anaerobutyricum_hallii:1997_1998","Anaerobutyricum_hallii:1997_1998","dSV","Miao",1.27624130049065,-0.983445391413408,1.05683937991901,0.352084671750673,86,"Anaerobutyricum_hallii",28.3418471780233,0.578508255813953,"glm_binomial",FALSE
"Anaerobutyricum_hallii:241_243","Anaerobutyricum_hallii:241_243","dSV","Miao",1.21835776466456,0.0482292229816922,1.32302860308217,0.970920635254383,86,"Anaerobutyricum_hallii",28.3418471780233,0.578508255813953,"glm_binomial",TRUE
"Blautia_wexlerae:2953_2954","Blautia_wexlerae:2953_2954","dSV","Miao",-0.935759200135028,-2.20879643043557,0.803224650952258,0.005961142438974,146,"Blautia_wexlerae",54.4482141210959,1.73924397260274,"glm_binomial",TRUE
"Anaerobutyricum_soehngenii:673_674","Anaerobutyricum_soehngenii:673_674","dSV","Miao",2.71485698836002,1.61929737960654,2.88140677563087,0.574128605339825,38,"Anaerobutyricum_soehngenii",21.5874180065789,0.484041578947368,"glm_binomial",TRUE
"Anaerobutyricum_hallii:557_559","Anaerobutyricum_hallii:557_559","dSV","Miao",1.01174953601345,-1.49875368833566,1.78364934423994,0.400754926879799,86,"Anaerobutyricum_hallii",28.3418471780233,0.578508255813953,"glm_binomial",FALSE
"Anaerobutyricum_hallii:557_559","Anaerobutyricum_hallii:557_559","dSV","Han",-1.52526227248849,-0.0668737539624758,0.832288281608515,0.935959474869698,86,"Anaerobutyricum_hallii",28.3418471780233,0.578508255813953,"glm_binomial",TRUE
"Ruminococcus_lactaris:1005_1007","Ruminococcus_lactaris:1005_1007","dSV","Miao",-1.87630715827854,-1.46778928638204,2.16051341594067,0.496903076059162,31,"Ruminococcus_lactaris",38.4454968196774,0.823952258064516,"glm_binomial",TRUE
"Blautia_wexlerae:3496_3497","Blautia_wexlerae:3496_3497","dSV","Miao",0.926888383535388,-0.796764106910371,0.83131326652253,0.337840799922678,146,"Blautia_wexlerae",54.4482141210959,1.73924397260274,"glm_binomial",FALSE
"Coprococcus_comes:2454_2455","Coprococcus_comes:2454_2455","dSV","Miao",-1.42370067176426,-0.624685426205082,1.01389377286278,0.537811941670123,77,"Coprococcus_comes",25.3423679067532,0.511736103896104,"glm_binomial",TRUE
"Coprococcus_comes:2454_2455","Coprococcus_comes:2454_2455","dSV","Zang",4.18746578056071,19.3554013569655,2300.43016157822,0.993286823499962,77,"Coprococcus_comes",25.3423679067532,0.511736103896104,"glm_binomial",TRUE
"Anaerobutyricum_hallii:693_694","Anaerobutyricum_hallii:693_694","dSV","Miao",1.02300756886797,-0.836118114229628,1.17816123731627,0.47790225650572,86,"Anaerobutyricum_hallii",28.3418471780233,0.578508255813953,"glm_binomial",FALSE
"Blautia_wexlerae:3095_3096","Blautia_wexlerae:3095_3096","dSV","Miao",-2.26515654279118,-0.629256448034698,0.771473584683871,0.414697363518811,146,"Blautia_wexlerae",54.4482141210959,1.73924397260274,"glm_binomial",TRUE
"Blautia_wexlerae:3275_3276","Blautia_wexlerae:3275_3276","dSV","Miao",2.07597787383006,1.20331722546843,0.796786329479698,0.130989033770156,146,"Blautia_wexlerae",54.4482141210959,1.73924397260274,"glm_binomial",TRUE
"Anaerobutyricum_hallii:1894_1895","Anaerobutyricum_hallii:1894_1895","dSV","Hani",-1.09333869667228,-0.0634638993650798,0.93896908198763,0.946112881553624,86,"Anaerobutyricum_hallii",28.3418471780233,0.578508255813953,"glm_binomial",TRUE
"Blautia_wexlerae:2249_2250","Blautia_wexlerae:2249_2250","dSV","Hani",1.0650511282113,0.824741362837423,0.832718914232974,0.321968934941535,146,"Blautia_wexlerae",54.4482141210959,1.73924397260274,"glm_binomial",TRUE
"Anaerobutyricum_hallii:1654_1656;1657_1660","Anaerobutyricum_hallii:1654_1656;1657_1660","dSV","Han",-1.50385292520009,0.171500979840306,0.689838144550615,0.803662115018895,86,"Anaerobutyricum_hallii",28.3418471780233,0.578508255813953,"glm_binomial",FALSE
"Anaerostipes_hadrus:319_320","Anaerostipes_hadrus:319_320","dSV","Han",1.68065466442904,0.48065023654828,0.875832433470552,0.583147884661819,70,"Anaerostipes_hadrus",36.1412736484286,0.790140285714286,"glm_binomial",TRUE
"Blautia_wexlerae:2175_2176","Blautia_wexlerae:2175_2176","dSV","Han",-1.44458602586125,-0.844660500959579,0.518135135486047,0.103060619107947,146,"Blautia_wexlerae",54.4482141210959,1.73924397260274,"glm_binomial",TRUE
"Faecalibacillus_intestinalis:1236_1237","Faecalibacillus_intestinalis:1236_1237","dSV","Zang",-1.75845796228485,-4.75255694798567,2.14535163449902,0.0267407756723453,47,"Faecalibacillus_intestinalis",30.8071039751064,0.513173404255319,"glm_binomial",TRUE
"Blautia_wexlerae:2060_2061","Blautia_wexlerae:2060_2061","dSV","Zang",-1.17693138553021,-0.840586099379173,0.568851937485626,0.139491111213488,146,"Blautia_wexlerae",54.4482141210959,1.73924397260274,"glm_binomial",TRUE
"Blautia_wexlerae:3186_3189","Blautia_wexlerae:3186_3189","dSV","Zang",-1.17791478560015,-0.27087899034596,0.545884902133125,0.619739222191836,146,"Blautia_wexlerae",54.4482141210959,1.73924397260274,"glm_binomial",TRUE
"Roseburia_inulinivorans:2639_2642","Roseburia_inulinivorans:2639_2642","dSV","Zang",-2.1024340932395,0.973793136394503,0.738040170961024,0.187025038527434,99,"Roseburia_inulinivorans",50.198419449798,1.2407895959596,"glm_binomial",FALSE
"Dorea_formicigenerans:1365_1366","Dorea_formicigenerans:1365_1366","dSV","Hani",1.16091804540983,0.876136511318911,1.0001961144487,0.381049212399102,84,"Dorea_formicigenerans",21.0037142190476,0.433385357142857,"glm_binomial",TRUE
"Roseburia_inulinivorans:1582_1584","Roseburia_inulinivorans:1582_1584","dSV","Zang",2.65051030930871,0.0120164241732322,0.705221006703226,0.986405317892492,99,"Roseburia_inulinivorans",50.198419449798,1.2407895959596,"glm_binomial",TRUE
"Blautia_wexlerae:1576_1577","Blautia_wexlerae:1576_1577","dSV","Han",-1.57600595834054,-0.317792037097543,0.516575290806283,0.53842914373332,146,"Blautia_wexlerae",54.4482141210959,1.73924397260274,"glm_binomial",TRUE
"Blautia_wexlerae:3200_3201","Blautia_wexlerae:3200_3201","dSV","Han",-1.26815966374108,0.76274527366882,0.611665667894054,0.212398585109666,146,"Blautia_wexlerae",54.4482141210959,1.73924397260274,"glm_binomial",FALSE
"Fusicatenibacter_saccharivorans:2926_2927","Fusicatenibacter_saccharivorans:2926_2927","dSV","Han",-1.55390412867833,0.0527597596581759,0.736612474554596,0.942900461627887,105,"Fusicatenibacter_saccharivorans",53.6955431571429,0.929623523809524,"glm_binomial",FALSE
"Anaerobutyricum_soehngenii.1789_1790","Anaerobutyricum_soehngenii:1789_1790","vSV","Miao",1.86296200988626,-0.155811097471007,1.20347418015192,0.898163947512452,38,"Anaerobutyricum_soehngenii",21.5874180065789,0.484041578947368,"lm",FALSE
"Clostridium_fessum.3237_3238","Clostridium_fessum:3237_3238","vSV","Miao",0.878033522221087,-0.740202061204493,0.37055773380449,0.0486577094135507,110,"Clostridium_fessum",24.692283975,0.484011363636364,"lm",FALSE
"Blautia_wexlerae.3508_3509","Blautia_wexlerae:3508_3509","vSV","Miao",0.493927914562535,-0.323547961713614,0.322022873795179,0.316890502252747,146,"Blautia_wexlerae",54.4482141210959,1.73924397260274,"lm",FALSE
"Clostridium_fessum.3236_3237","Clostridium_fessum:3236_3237","vSV","Miao",0.836556086777934,-0.119157852035094,0.364859158334022,0.744707170174026,110,"Clostridium_fessum",24.692283975,0.484011363636364,"lm",FALSE
"Anaerostipes_hadrus.1575_1578","Anaerostipes_hadrus:1575_1578","vSV","Dai",0.487366547534084,0.0377953950923113,0.342444998701251,0.91252572058882,70,"Anaerostipes_hadrus",36.1412736484286,0.790140285714286,"lm",TRUE
"Eubacterium_ventriosum.1470_1471","Eubacterium_ventriosum:1470_1471","vSV","Dai",1.0939958012873,-1.32855375548926,1.42977280834785,0.379965683522704,24,"Eubacterium_ventriosum",31.4232541179167,0.842804583333333,"lm",FALSE
"Anaerobutyricum_hallii.2889_2890","Anaerobutyricum_hallii:2889_2890","vSV","Miao",0.487286983774799,-0.32280802029688,0.443183124367054,0.468807579185329,86,"Anaerobutyricum_hallii",28.3418471780233,0.578508255813953,"lm",FALSE
"Anaerobutyricum_hallii.36_37","Anaerobutyricum_hallii:36_37","vSV","Miao",-0.497200158215519,-0.448759155238451,0.48570723867979,0.358697132200746,86,"Anaerobutyricum_hallii",28.3418471780233,0.578508255813953,"lm",TRUE
"Anaerobutyricum_soehngenii.2440_2441","Anaerobutyricum_soehngenii:2440_2441","vSV","Hani",0.895480835020484,-0.614564096779431,0.501023175278622,0.232932685476441,38,"Anaerobutyricum_soehngenii",21.5874180065789,0.484041578947368,"lm",FALSE
"Prevotella_stercorea.83_86","Prevotella_stercorea:83_86","vSV","Hani",1.39898043490391,-1.5921208078874,1.88589334484296,0.418281307158545,26,"Prevotella_stercorea",206.9458238,5.57828115384615,"lm",FALSE
"Anaerobutyricum_hallii.2855_2856","Anaerobutyricum_hallii:2855_2856","vSV","Miao",0.755499609681931,-0.251629831296987,0.48095860198791,0.602498502521569,86,"Anaerobutyricum_hallii",28.3418471780233,0.578508255813953,"lm",FALSE
"Anaerostipes_hadrus.1868_1869","Anaerostipes_hadrus:1868_1869","vSV","Hani",0.48413227043274,0.313939084620637,0.457533805155788,0.495551094797412,70,"Anaerostipes_hadrus",36.1412736484286,0.790140285714286,"lm",TRUE
"Faecalibacillus_intestinalis.396_398","Faecalibacillus_intestinalis:396_398","vSV","Zang",-0.700536208330001,-1.25675316777052,0.469183659386599,0.0117218560354083,47,"Faecalibacillus_intestinalis",30.8071039751064,0.513173404255319,"lm",TRUE
"Anaerobutyricum_soehngenii.2526_2528","Anaerobutyricum_soehngenii:2526_2528","vSV","Miao",1.63609186757485,-1.80015999207612,1.14897155732503,0.131443302341857,38,"Anaerobutyricum_soehngenii",21.5874180065789,0.484041578947368,"lm",FALSE
